"striker","runs","balls_faced","strike_rate"
"Player 1",111,71,156.338028169014
"Player 12",15,17,88.2352941176471
"Player 13",14,14,100
"Player 16",16,14,114.285714285714
"Player 17",32,32,100
"Player 18",41,38,107.894736842105
"Player 19",7,11,63.6363636363636
"Player 2",213,136,156.617647058824
"Player 20",3,5,60
"Player 21",46,35,131.428571428571
"Player 22",4,4,100
"Player 5",135,93,145.161290322581
NA,140,130,107.692307692308
