"striker","runs","balls_faced","strike_rate"
"Player 1",1,4,25
"Player 12",20,17,117.647058823529
"Player 13",3,5,60
"Player 16",17,7,242.857142857143
"Player 17",12,11,109.090909090909
"Player 18",1,5,20
"Player 19",31,33,93.9393939393939
"Player 2",52,39,133.333333333333
"Player 20",33,22,150
"Player 21",28,20,140
"Player 5",108,59,183.050847457627
"Player 6",15,18,83.3333333333333
