"striker","runs","balls_faced","strike_rate"
"Player 1",55,36,152.777777777778
"Player 12",7,8,87.5
"Player 13",27,18,150
"Player 16",36,55,65.4545454545455
"Player 17",38,25,152
"Player 18",32,14,228.571428571429
"Player 2",93,52,178.846153846154
"Player 5",48,21,228.571428571429
"Player 6",14,11,127.272727272727
